{"cameraMode":{"drawMode":0,"name":"Shaded","section":"Shading Mode"},"sceneLighting":false,"audioPlay":false,"sceneViewState":{"showFog":true,"showMaterialUpdate":false,"showSkybox":false,"showFlares":true,"showImageEffects":true,"showParticleSystems":true,"showVisualEffectGraphs":true,"m_FxEnabled":true},"in2DMode":false,"pivot":{"x":0.032655298709869388,"y":-0.08643560111522675,"z":-0.1562281847000122},"rotation":{"x":0.08537378162145615,"y":-0.7873793840408325,"z":0.11201547086238861,"w":0.600178062915802},"size":2.0449488162994386,"orthographic":false}